0.01340194651378811	-0.0012839090054464972	0.010192607136479515	0.004943309492559405	-0.0033131291399115122	0.0010113569955246453	-0.002093979651329204	-0.0036088066685601504	0.007838286406983292	0.0035174194321017293	-0.002008654638703354	0.0009999516775453048	-0.0011583911192418364	0.005475194057662826	0.007952347484315803	-0.0006044080151343998	-0.0011371918525216785	0.005589372130429197	-0.0021590134301717806	-0.004710122709521596	0.006465988858182751	-0.01165122465921822	0.006757143087939722	-0.002452142211061718	0.001999470430343453	0.02101826035979428	0.013724750783659827	0.009993883483161993	0.007958288683081148	0.007711557856733559	0.007500784897777176	0.007009730531329473	0.004822826058838009	0.009921395648975756	-0.0024010961803983127	-0.007483965763838935	-0.010146519344361971	-0.0008857302433914641	-0.014404058557518197	0.0029249062591731895	0.010600405246716871	-0.01168394095434861	-0.0035991315994192328
-0.0012839090054464972	0.008669232596996729	-0.001520539471429235	-0.0006564129595115448	0.001252935197318405	-0.0002610638416914113	0.0008334386323071671	0.0001525556451483687	-0.00022312758012889037	-0.0016726304169773238	-0.0020086353083374323	0.0014176252242236605	0.0014632050389849476	-5.569062552560982e-05	0.0034395182592196322	0.010260701639675556	0.0006627453250375441	0.001268684940142527	0.005276753714160763	0.002716500231720694	-0.0015926286942420484	0.0014185586668181772	-0.0006513746093485905	0.002778294620777137	-0.005593884571020173	0.0013287596286276216	0.005746748454278199	0.0004886799266983619	-0.0014741937746325555	-0.007748532691028062	-0.0023808387344075857	-0.002176194177044469	0.0022286013040037933	-0.0007688439111850993	-0.0018167625350443968	0.004667364711338718	0.002984855633113196	-0.0037959202997744166	0.0022411529025285195	0.000286498137818249	0.0006378758170013078	-0.0001403346715561707	0.0013891344364951018
0.010192607136479515	-0.001520539471429235	0.036294598044937905	0.00444053229358901	-0.004357959511884624	0.0011655027977409602	-0.0013249242612192668	0.003930176010629508	0.007426768471227336	0.0035008000005340607	0.0020239776619989983	-0.0006536745185683239	-0.002623446217197776	0.01197909436139325	0.007217233401201924	-0.007683108751562651	0.0018833954377300633	0.01556404513848779	-0.0018417513839929299	-0.007066068513612659	0.006833791034249212	-0.018884631228827334	0.008827304371261344	0.00011903620708855677	-0.004779461819806046	0.03000628315973455	0.009209469705850936	0.01694279910869193	0.017255463843014955	0.004249305896038176	0.010363047947051856	0.017380607882736845	0.00975265473463464	0.019354269909510405	-0.005394183365514863	-0.015336634373874565	-0.008830857166428493	-0.0034828324196840366	-0.018918907911812853	0.010286330586141835	0.01620281757045354	-0.014943941420958765	-0.012797177382724524
0.004943309492559405	-0.0006564129595115448	0.00444053229358901	0.0047317185158344014	-0.0006720436867671829	0.00042040027612677945	-0.0012890279478148432	-0.0001714233749068197	0.0021174361365938086	0.0010921651131367083	-0.00011517444550274546	0.0003008295908872447	0.0021986771553580277	0.0019821822877002493	0.0019864838744790376	-0.002956828300284097	-0.00016343075089772497	0.0019021365099903544	0.0002745618011932726	-0.0013898726684842037	0.0025332041318611087	-0.003340470184578415	0.004284380736045715	-0.0007838820090264469	-3.098366032520788e-05	0.00777057664867115	0.006546221722247276	0.003371801747408957	0.0035786204100564894	0.0020006057229195844	0.0006872566108706825	0.003993567553193975	0.0017139225347196502	0.004462482466712129	-0.001999407379323225	-0.003999321996615013	-0.0005761924546289884	0.0023264498965807965	-0.006498012608072275	-0.0018604333815583401	0.0033817166425752975	-0.002988266469426455	-0.0021962157574613532
-0.0033131291399115122	0.001252935197318405	-0.004357959511884624	-0.0006720436867671829	0.004443430183338196	-0.0003341080817132048	0.001635829626983909	0.004066783083541058	-0.005484429686966485	-0.0011079846024771895	-0.0005412941190058261	-0.0006517895240771666	0.004536765365534993	0.000994612999651025	-0.0028130418800350553	0.0026553918990907584	0.0018620464689719824	-0.002881726815835388	0.005966558363639673	0.004768512878722303	-0.004763744708982905	0.010755360009664977	-0.0011453586717364934	0.003329929168694113	-0.0023825278214098626	-0.009036559037953477	-0.00325225900808405	-0.004145316453242956	-0.003937589499253337	-0.005947414416593726	-0.005078810218330084	0.002673484287621411	-0.0003534118223058018	-0.001233543900332349	-0.0003196078565149558	0.0027935927072786906	0.013306288296951496	-0.003627268588786451	0.010345104952056493	-0.0032050372016284878	-0.004507497282350368	0.0075772165386821435	0.002123677975894793
0.0010113569955246453	-0.0002610638416914113	0.0011655027977409602	0.00042040027612677945	-0.0003341080817132048	0.004200945410805872	0.0018782610141199517	-0.00030595419973834906	0.0027063955113938226	-0.00037644993820747303	0.0011489839177890166	0.0012407957807132346	0.0022005270419449617	0.002649460061395385	0.0026502828916381473	0.000790237573360488	0.004952739173723993	0.0012503950122666634	0.0019002194106520806	-0.0008255898949217087	0.0030735180805378645	-4.9384515675666204e-05	0.004236763852677281	0.00036559777613228296	0.003535755825477517	0.002489912293090082	0.003985084491517008	0.004176848883313566	0.0027977072136446826	0.0005778178563688967	0.0019267416522262737	2.1761976621324586e-05	0.0029318701898793684	0.0030188216747962762	0.0005545895325893775	0.0024056142672320546	-0.0012878579721096412	0.0019994314131302217	0.0007662940352235195	-0.0009505733304792602	0.007300985756507123	-0.0013671799452139061	-0.0014954079239330798
-0.002093979651329204	0.0008334386323071671	-0.0013249242612192668	-0.0012890279478148432	0.001635829626983909	0.0018782610141199517	0.01062898348812046	-0.0003810198899291799	-0.001287589369122814	-0.0027635414482983806	0.000600423533549268	0.00028668831312937427	0.0032958125243735103	-8.384323517291808e-05	-0.0002945280284378092	0.002106454062387348	0.007179337663708447	-0.000924937596840938	0.004320267314968088	-0.00019705380201392151	-0.000525368284478111	0.0074025195890939505	0.0007572992615948914	0.0006324490264987574	0.001467705094050072	-0.0051889555483413665	-0.001861550274288531	-0.0003354268695572312	-0.0015148689497064157	-0.0038461787527616577	-0.003300892895468169	0.0010202568389038	0.002117965379611766	-0.002363757986542484	0.0035571837173866165	0.004703741534584937	0.007449859325351024	-0.0021973275261792675	0.007259169299801898	-0.003525158917553639	0.004560919324031811	0.002631938113182025	0.002904788964838696
-0.0036088066685601504	0.0001525556451483687	0.003930176010629508	-0.0001714233749068197	0.004066783083541058	-0.00030595419973834906	-0.0003810198899291799	0.030699408068183824	-0.006906198261489397	-0.0010768775256424208	0.00408632993181173	-0.0014341932539530086	0.005983221163043108	0.005002622931808987	-0.0012408274663058977	-0.007086979092353676	0.0008046365050825008	0.0005456708632906219	0.0025927530755338064	0.004368134154050756	-0.006329422109853235	0.001269812996775903	0.0063992885601193905	0.005789119952767167	-0.010499135885410703	-0.010676741669535967	-0.00960973281377543	-0.0006906471251115667	-0.006115462496774328	-0.00642107644991561	-0.0048305783055770475	0.01311288614925514	-0.0008035274718872722	0.001948971581419313	-0.006322390745207718	-0.00863275366889043	0.015201110586674893	-0.007871646237010234	0.013256112802934856	0.0027165031017101276	-0.0016146207024392905	0.0037566568878441425	0.0023738832847453556
0.007838286406983292	-0.00022312758012889037	0.007426768471227336	0.0021174361365938086	-0.005484429686966485	0.0027063955113938226	-0.001287589369122814	-0.006906198261489397	0.011995454145611413	0.0023464436126984347	-0.0012938535348213755	0.0026197468292171533	-0.003468692756429095	0.003036586585882048	0.008675254640627395	0.001974053088478881	0.000441774738369648	0.005650002544231611	-0.0043486058560782415	-0.00669333537869397	0.009039806866497621	-0.01333418158154983	0.006622628402808627	-0.0036207716054755543	0.006656891781546951	0.018951992507355034	0.01176326212133414	0.010247095812753257	0.008104526520659214	0.00875230719756132	0.009640794724901596	-0.002232471889267556	0.0041079364404685865	0.00598980966696311	0.0006507642503876664	-0.0015735763580024124	-0.01781773352524413	0.005403132990961233	-0.014851752405340174	0.0052362094709093344	0.012055753292922458	-0.012655932158444967	-0.0023028994959387343
0.0035174194321017293	-0.0016726304169773238	0.0035008000005340607	0.0010921651131367083	-0.0011079846024771895	-0.00037644993820747303	-0.0027635414482983806	-0.0010768775256424208	0.0023464436126984347	0.0060030056030746515	-4.582077052264941e-05	-6.843054095467845e-05	-0.0029575172760781436	0.002038828962278014	0.0023573186296270195	-0.0038103367991028257	-0.0024561572289404474	0.002518360318868124	-0.003176324048398627	-0.0017862985729028198	0.0012021928986805388	-0.006249166805579907	0.0006603360182218376	-0.0007199928369407209	0.0005067960712557077	0.006583487614328069	0.0015277313814908867	0.0027012392459414363	0.005057659472430654	0.004290831246391246	0.004952551146956412	0.0024012743996071916	0.0008176194772704449	0.0044483537835461025	-0.0007072996017482049	-0.005722679953303871	-0.005232261015881576	-0.0007894756495899715	-0.006222024041621054	0.004817602505732966	0.0028874775667333246	-0.005663245550929457	0.001235890130969394
-0.002008654638703354	-0.0020086353083374323	0.0020239776619989983	-0.00011517444550274546	-0.0005412941190058261	0.0011489839177890166	0.000600423533549268	0.00408632993181173	-0.0012938535348213755	-4.582077052264941e-05	0.013852717963201148	-0.00044934435426509064	-0.0020499742161228635	-0.001573766358423826	-0.0021598801770134853	-0.008903281421318819	0.006041964496136361	0.0012191101888979641	0.0002157790430236903	-0.0012033756478838078	0.004437520522911049	0.003225640067766433	0.0015377798401196414	-0.0012797261718408234	0.0020113999845621923	-0.007357902549431571	-0.003716254780148294	0.0019137825250019193	0.004295174258019285	0.0015712404337395705	0.00030234636204654747	-5.066406654029372e-05	0.0004655150670010568	0.0003465546099430091	0.004191623329375172	0.0025090108256091083	-0.0020188152878424332	0.004799800559000683	0.0005930403000064814	0.003702130585346206	0.013246385231658919	0.004933955010975771	-0.00535631412058048
0.0009999516775453048	0.0014176252242236605	-0.0006536745185683239	0.0003008295908872447	-0.0006517895240771666	0.0012407957807132346	0.00028668831312937427	-0.0014341932539530086	0.0026197468292171533	-6.843054095467845e-05	-0.00044934435426509064	0.0017929928124322976	0.0007000291398555974	0.0008505591713264512	0.0026994614824106884	0.003106485908170908	0.0014917026222992288	0.0010437866465984982	0.000511026376984521	-0.000384887772038165	0.0023091729971693458	-0.0018062190637781995	0.0025885957466397764	-7.278419516148638e-05	0.002623646967936595	0.0025873755979825422	0.003973947610561197	0.0016583897086490736	0.0008896757589094861	3.8054333947829607e-05	0.001420895715241294	-0.0019118297605588924	0.002027672163252997	0.0005790976712473219	0.0001158617016694231	0.0012278779404390752	-0.002968870218825092	0.0009195455685390428	-0.0014609352329251796	0.0006597773655778638	0.0036088476584319753	-0.0024912576699120744	0.0005702859738938981
-0.0011583911192418364	0.0014632050389849476	-0.002623446217197776	0.0021986771553580277	0.004536765365534993	0.0022005270419449617	0.0032958125243735103	0.005983221163043108	-0.003468692756429095	-0.0029575172760781436	-0.0020499742161228635	0.0007000291398555974	0.015685194285754423	0.005873798030764212	-0.00024254200437507246	0.003550667358950718	0.0046883457814548895	-0.003215177815379985	0.009983643121810843	0.006499287577164201	-0.0017133673649653099	0.009610435172492857	0.007658004022978818	0.004353097879005533	-0.00010730410178886418	-0.003913914497276927	0.005721781445655524	-0.0009095213754606268	-0.003401662549942392	-0.0065988494035561195	-0.005804037650675949	0.005229004822950283	0.001361902337642247	0.00226311630301339	-0.0030917297159270426	0.00442613162323454	0.01699169547793342	0.0010473929358257074	0.01049141323373421	-0.00806424980795666	-0.0024769710725469226	0.008060623849470207	0.001586547247315808
0.005475194057662826	-5.569062552560982e-05	0.01197909436139325	0.0019821822877002493	0.000994612999651025	0.002649460061395385	-8.384323517291808e-05	0.005002622931808987	0.003036586585882048	0.002038828962278014	-0.001573766358423826	0.0008505591713264512	0.005873798030764212	0.01575325705957245	0.007292575964224455	0.0005400550511456704	0.0038208912503647665	0.004597587000859193	0.008999456673350796	0.0003500949699353719	0.004197563238685729	-0.0020628121210225347	0.009524966535426943	0.0029210118818070044	0.0024581220377725976	0.011503180603886484	0.006944789376179405	0.011772502971641915	0.006028162782797961	0.0025745660306579336	0.006540148500496489	0.012124158084751443	0.0063064688449617975	0.012797288914944659	-0.002311754192233493	-0.0018985487704332143	0.0038534773952030674	-0.0020959007274500003	-0.001437213259788146	0.003945045839288532	0.009126159053023114	-0.003670551054657915	-0.004918326038432182
0.007952347484315803	0.0034395182592196322	0.007217233401201924	0.0019864838744790376	-0.0028130418800350553	0.0026502828916381473	-0.0002945280284378092	-0.0012408274663058977	0.008675254640627395	0.0023573186296270195	-0.0021598801770134853	0.0026994614824106884	-0.00024254200437507246	0.007292575964224455	0.014640257100860216	0.0044651813434423504	0.0018800103851266256	0.0071056265326459615	0.0023955137516556697	-0.003951062459177596	0.005500663536674684	-0.011412686387916851	0.00895047817603163	8.877243312113897e-05	0.0025448022095941984	0.01633300388433763	0.01025676944267472	0.011226128744421068	0.008210853882120145	0.0028866259248914476	0.008382006958614126	0.0020437565954182914	0.006965372957012462	0.008735151523618602	-0.0021336820851069094	-0.0026295851656101916	-0.009586692748705307	-0.0021458323131852202	-0.008805701412527562	0.005038416732313332	0.011407399495377725	-0.012764367840852208	-0.0011613174577568739
-0.0006044080151343998	0.010260701639675556	-0.007683108751562651	-0.002956828300284097	0.0026553918990907584	0.000790237573360488	0.002106454062387348	-0.007086979092353676	0.001974053088478881	-0.0038103367991028257	-0.008903281421318819	0.003106485908170908	0.003550667358950718	0.0005400550511456704	0.0044651813434423504	0.034899373638638834	0.0007900501084879577	-0.0001443486986950936	0.009718691866758085	0.006321570156916193	-0.0033459907560743725	0.010120646613136084	-0.002341990379085859	0.004552093315677725	-0.0016709696511933681	0.005268756856244526	0.014193800903455208	-0.0013667028968700728	-0.005401413361769108	-0.01236453500236466	-0.002807438889203838	-0.007410479868354671	0.0038848197976054277	-0.0023934900902329993	-3.4932285849049465e-05	0.014827404175862069	0.004138929932994691	-0.007789376449276914	0.009371507006286656	-0.0011975384764652303	-0.004410229045033033	3.455280850927502e-05	0.0014597239227264202
-0.0011371918525216785	0.0006627453250375441	0.0018833954377300633	-0.00016343075089772497	0.0018620464689719824	0.004952739173723993	0.007179337663708447	0.0008046365050825008	0.000441774738369648	-0.0024561572289404474	0.006041964496136361	0.0014917026222992288	0.0046883457814548895	0.0038208912503647665	0.0018800103851266256	0.0007900501084879577	0.013786895816157612	0.0015303025138813245	0.007752342361272059	-2.4232996956236652e-05	0.0036335160379028938	0.008723205983857322	0.006450020472578334	0.0018980606017017926	0.005198621766601634	-0.003174163368934759	0.0034413847283086075	0.00485848729188907	0.004105344266281722	-0.004076137230202951	-0.0012373864231865835	0.0032245847063880548	0.0063760014410417344	0.0034243207331805	0.003617523681582421	0.006623730343163156	0.0063914403761249385	0.000801338762440108	0.005574824633603103	-0.0019417931440027863	0.01563074378088631	0.003522266011468429	-0.002656405100325078
0.005589372130429197	0.001268684940142527	0.01556404513848779	0.0019021365099903544	-0.002881726815835388	0.0012503950122666634	-0.000924937596840938	0.0005456708632906219	0.005650002544231611	0.002518360318868124	0.0012191101888979641	0.0010437866465984982	-0.003215177815379985	0.004597587000859193	0.0071056265326459615	-0.0001443486986950936	0.0015303025138813245	0.013787075717028613	-0.004086474960194655	-0.005322968977746904	0.002101396468476839	-0.013154577805901294	0.005131861413417899	0.0009599625699026827	-0.0005806194984506044	0.017908819931866795	0.009325337330921182	0.010199569015701604	0.013165551542169465	-0.0015054093335080297	0.006142963629432759	0.00660014693762587	0.008640229013860037	0.008963948746972159	-0.0026553903952708994	-0.009877323054795103	-0.007315132608902613	-0.003631669891620213	-0.008976792165424765	0.004674848994120192	0.010706498756161725	-0.012626403401375753	-0.0059816491970629045
-0.0021590134301717806	0.005276753714160763	-0.0018417513839929299	0.0002745618011932726	0.005966558363639673	0.0019002194106520806	0.004320267314968088	0.0025927530755338064	-0.0043486058560782415	-0.003176324048398627	0.0002157790430236903	0.000511026376984521	0.009983643121810843	0.008999456673350796	0.0023955137516556697	0.009718691866758085	0.007752342361272059	-0.004086474960194655	0.02514932828314366	0.007243375398879684	-1.8804600050472477e-05	0.018828113766347958	0.0031050989694427216	0.005669835145773792	-0.0011411817122052707	-0.007389605580555029	-0.00033835274737663003	0.002603553819480512	-0.0024452263677316663	-0.0066372657596076344	-0.0024422578935619664	0.004247766302084992	0.003054635589899344	0.00426261398342522	0.0023727662408005792	0.014565108867777543	0.018905214894003812	0.00027477881493695536	0.012863532638485522	-0.001964309831503324	0.0030397062247638188	0.011669309401193885	-0.003356802471879295
-0.004710122709521596	0.002716500231720694	-0.007066068513612659	-0.0013898726684842037	0.004768512878722303	-0.0008255898949217087	-0.00019705380201392151	0.004368134154050756	-0.00669333537869397	-0.0017862985729028198	-0.0012033756478838078	-0.000384887772038165	0.006499287577164201	0.0003500949699353719	-0.003951062459177596	0.006321570156916193	-2.4232996956236652e-05	-0.005322968977746904	0.007243375398879684	0.009991170775527285	-0.00459649420763261	0.01110817858704284	-0.002297065065307584	0.004298459312466762	-0.004559679624154291	-0.011255411400535136	-0.0031941693037845003	-0.006546465360245226	-0.007346360149721916	-0.008331730352784384	-0.005292035458692342	-0.0004137329375039565	-0.001487266492890595	-0.002198080276220237	-0.00250146236105805	0.006686910550046882	0.01348246939452481	-0.00433664945191122	0.011886198764800437	-0.002443519152161838	-0.008934668684819668	0.010706517195995389	0.0032840916963629246
0.006465988858182751	-0.0015926286942420484	0.006833791034249212	0.0025332041318611087	-0.004763744708982905	0.0030735180805378645	-0.000525368284478111	-0.006329422109853235	0.009039806866497621	0.0012021928986805388	0.004437520522911049	0.0023091729971693458	-0.0017133673649653099	0.004197563238685729	0.005500663536674684	-0.0033459907560743725	0.0036335160379028938	0.002101396468476839	-1.8804600050472477e-05	-0.00459649420763261	0.01571776445585382	-0.007948783993810483	0.006158735852776667	-0.004700814002406988	0.008456927118946746	0.012923651311207549	0.008989096789164564	0.011506094340635452	0.007065998332523725	0.013284151083287217	0.009735777307215003	-0.0018569532469524818	0.004302896440790173	0.00655996467491279	0.004273044320304181	0.004983017128705136	-0.01740056549696014	0.008386297504306531	-0.01489432228538289	0.006069763625444455	0.016936803006297393	-0.006662857736651639	-0.005027330613096134
-0.01165122465921822	0.0014185586668181772	-0.018884631228827334	-0.003340470184578415	0.010755360009664977	-4.9384515675666204e-05	0.0074025195890939505	0.001269812996775903	-0.01333418158154983	-0.006249166805579907	0.003225640067766433	-0.0018062190637781995	0.009610435172492857	-0.0020628121210225347	-0.011412686387916851	0.010120646613136084	0.008723205983857322	-0.013154577805901294	0.018828113766347958	0.01110817858704284	-0.007948783993810483	0.045398717106889766	-0.005781626990203061	0.005744728138208502	0.004293964034398405	-0.030794914930241477	-0.009469388980786917	-0.011911601325534484	-0.013226878715545936	-0.010440768391444043	-0.014685150961182567	-0.0010114574708861616	-0.003849309708117661	-0.009902099328522517	0.00920963921926466	0.023759786694616467	0.03291592027003116	-0.0012022606555825524	0.02996706615221996	-0.010437878381574277	-0.009816658662851146	0.02893452967673604	0.005158174409712388
0.006757143087939722	-0.0006513746093485905	0.008827304371261344	0.004284380736045715	-0.0011453586717364934	0.004236763852677281	0.0007572992615948914	0.0063992885601193905	0.006622628402808627	0.0006603360182218376	0.0015377798401196414	0.0025885957466397764	0.007658004022978818	0.009524966535426943	0.00895047817603163	-0.002341990379085859	0.006450020472578334	0.005131861413417899	0.0031050989694427216	-0.002297065065307584	0.006158735852776667	-0.005781626990203061	0.02057783188500545	0.0008764697317950551	0.007098625783178481	0.012289297458761367	0.01277187557396208	0.009991547170651385	0.00683252546837908	0.002378678423743719	0.0032367702942722584	0.008082897825623405	0.007165584959812836	0.009633606788262158	-0.004109413060537132	-0.005336043924810753	-0.0003231823704526838	0.0031019731684957842	-0.006368629550005543	-8.820328525775288e-05	0.015432572321251576	-0.0058282353456091986	-0.0011034576747335182
-0.002452142211061718	0.002778294620777137	0.00011903620708855677	-0.0007838820090264469	0.003329929168694113	0.00036559777613228296	0.0006324490264987574	0.005789119952767167	-0.0036207716054755543	-0.0007199928369407209	-0.0012797261718408234	-7.278419516148638e-05	0.004353097879005533	0.0029210118818070044	8.877243312113897e-05	0.004552093315677725	0.0018980606017017926	0.0009599625699026827	0.005669835145773792	0.004298459312466762	-0.004700814002406988	0.005744728138208502	0.0008764697317950551	0.006061353180553424	-0.003641142566001277	-0.003170615625480749	-0.00011436386745184156	-0.0009268070618616269	-0.0008297035730856767	-0.008306477170420408	-0.0027939371399259114	0.004574999524517086	0.0023302811954888326	0.0013598304595375168	-0.002299766922089656	0.0004565914999611501	0.01112684750942952	-0.0059979092323062195	0.00856714495037719	-0.00013268929061648895	-0.0033275385869962503	0.002429193156829024	0.0015358618388320508
0.001999470430343453	-0.005593884571020173	-0.004779461819806046	-3.098366032520788e-05	-0.0023825278214098626	0.003535755825477517	0.001467705094050072	-0.010499135885410703	0.006656891781546951	0.0005067960712557077	0.0020113999845621923	0.002623646967936595	-0.00010730410178886418	0.0024581220377725976	0.0025448022095941984	-0.0016709696511933681	0.005198621766601634	-0.0005806194984506044	-0.0011411817122052707	-0.004559679624154291	0.008456927118946746	0.004293964034398405	0.007098625783178481	-0.003641142566001277	0.03428884343149087	0.0002687003618413853	0.006082674427079707	0.003669157292952425	0.005584854506533228	0.01154053300610644	0.004940327426834818	-0.001859184061361706	0.0026504095953778593	-0.0017307883509497296	0.01236523138860698	0.004481882405852889	-0.006574707319130327	0.011489377205458375	-0.0014673964793785687	-0.00016514235150567966	0.009136646250242344	0.0009382650994447583	0.0017822435865909737
0.02101826035979428	0.0013287596286276216	0.03000628315973455	0.00777057664867115	-0.009036559037953477	0.002489912293090082	-0.0051889555483413665	-0.010676741669535967	0.018951992507355034	0.006583487614328069	-0.007357902549431571	0.0025873755979825422	-0.003913914497276927	0.011503180603886484	0.01633300388433763	0.005268756856244526	-0.003174163368934759	0.017908819931866795	-0.007389605580555029	-0.011255411400535136	0.012923651311207549	-0.030794914930241477	0.012289297458761367	-0.003170615625480749	0.0002687003618413853	0.0565951289390599	0.035168061853665486	0.023963206883555587	0.02026701019440681	0.01179605672400991	0.017604779766719012	0.01135256488232166	0.01289600309169822	0.02247892483767194	-0.006630787583916608	-0.013296981324184366	-0.026980703782861243	-0.001438981345556685	-0.034658595649216646	0.008285229691508397	0.017756560040617	-0.0294243905593559	-0.009980358983323159
0.013724750783659827	0.005746748454278199	0.009209469705850936	0.006546221722247276	-0.00325225900808405	0.003985084491517008	-0.001861550274288531	-0.00960973281377543	0.01176326212133414	0.0015277313814908867	-0.003716254780148294	0.003973947610561197	0.005721781445655524	0.006944789376179405	0.01025676944267472	0.014193800903455208	0.0034413847283086075	0.009325337330921182	-0.00033835274737663003	-0.0031941693037845003	0.008989096789164564	-0.009469388980786917	0.01277187557396208	-0.00011436386745184156	0.006082674427079707	0.035168061853665486	0.04520425367445322	0.01375317107835481	0.010396495129898898	0.0009284073097831606	0.0032981628917873158	0.006592339515377846	0.009220187113158501	0.013016367988364395	-0.004115320654110223	-0.0005447360323249853	-0.010929651365967352	-5.3561252899907414e-05	-0.016995892270336228	-0.0019685961116077274	0.01759007757315793	-0.01301717486752537	-0.005287224321433556
0.009993883483161993	0.0004886799266983619	0.01694279910869193	0.003371801747408957	-0.004145316453242956	0.004176848883313566	-0.0003354268695572312	-0.0006906471251115667	0.010247095812753257	0.0027012392459414363	0.0019137825250019193	0.0016583897086490736	-0.0009095213754606268	0.011772502971641915	0.011226128744421068	-0.0013667028968700728	0.00485848729188907	0.010199569015701604	0.002603553819480512	-0.006546465360245226	0.011506094340635452	-0.011911601325534484	0.009991547170651385	-0.0009268070618616269	0.003669157292952425	0.023963206883555587	0.01375317107835481	0.022640113729355812	0.014684704646006175	0.00785251469968406	0.011992380219436053	0.008626598150700179	0.01055452285751876	0.015347480179124988	0.00039099124467207214	-0.0011846306109463823	-0.012517865771667204	0.0013542592830142431	-0.014212929612598759	0.005363777343213861	0.021742178176696703	-0.013622792340662765	-0.0100117103823901
0.007958288683081148	-0.0014741937746325555	0.017255463843014955	0.0035786204100564894	-0.003937589499253337	0.0027977072136446826	-0.0015148689497064157	-0.006115462496774328	0.008104526520659214	0.005057659472430654	0.004295174258019285	0.0008896757589094861	-0.003401662549942392	0.006028162782797961	0.008210853882120145	-0.005401413361769108	0.004105344266281722	0.013165551542169465	-0.0024452263677316663	-0.007346360149721916	0.007065998332523725	-0.013226878715545936	0.00683252546837908	-0.0008297035730856767	0.005584854506533228	0.02026701019440681	0.010396495129898898	0.014684704646006175	0.023364083580711483	0.003187608654822261	0.009027318647930136	0.007721947001217794	0.010034962621471499	0.012612299558199157	0.0003850113665461582	-0.010418089600888867	-0.01066069951990241	0.002735022753254567	-0.015693992687047385	0.0056057715584775	0.01894832575429214	-0.014124290293957113	-0.011690574539398101
0.007711557856733559	-0.007748532691028062	0.004249305896038176	0.0020006057229195844	-0.005947414416593726	0.0005778178563688967	-0.0038461787527616577	-0.00642107644991561	0.00875230719756132	0.004290831246391246	0.0015712404337395705	3.8054333947829607e-05	-0.0065988494035561195	0.0025745660306579336	0.0028866259248914476	-0.01236453500236466	-0.004076137230202951	-0.0015054093335080297	-0.0066372657596076344	-0.008331730352784384	0.013284151083287217	-0.010440768391444043	0.002378678423743719	-0.008306477170420408	0.01154053300610644	0.01179605672400991	0.0009284073097831606	0.00785251469968406	0.003187608654822261	0.028146744410644322	0.012834117598359618	-0.001427000784167499	-0.0030409982826583165	0.0035336843998449653	0.007086980238606203	-0.00020307847878564818	-0.020957203633806473	0.012171017550576506	-0.015680728959223702	0.006692683655926163	0.006061270564209502	-0.006042384638718927	-0.0005120231168643304
0.007500784897777176	-0.0023808387344075857	0.010363047947051856	0.0006872566108706825	-0.005078810218330084	0.0019267416522262737	-0.003300892895468169	-0.0048305783055770475	0.009640794724901596	0.004952551146956412	0.00030234636204654747	0.001420895715241294	-0.005804037650675949	0.006540148500496489	0.008382006958614126	-0.002807438889203838	-0.0012373864231865835	0.006142963629432759	-0.0024422578935619664	-0.005292035458692342	0.009735777307215003	-0.014685150961182567	0.0032367702942722584	-0.0027939371399259114	0.004940327426834818	0.017604779766719012	0.0032981628917873158	0.011992380219436053	0.009027318647930136	0.012834117598359618	0.016526058976189497	-0.00048543020659923204	0.005017382295857949	0.008723764071813205	0.00218956940555826	-0.000826079688236048	-0.018296305648305793	0.003344569068946818	-0.013607500314786282	0.011063484317428839	0.009634820797024364	-0.011599851401423045	-0.002119948193728756
0.007009730531329473	-0.002176194177044469	0.017380607882736845	0.003993567553193975	0.002673484287621411	2.1761976621324586e-05	0.0010202568389038	0.01311288614925514	-0.002232471889267556	0.0024012743996071916	-5.066406654029372e-05	-0.0019118297605588924	0.005229004822950283	0.012124158084751443	0.0020437565954182914	-0.007410479868354671	0.0032245847063880548	0.00660014693762587	0.004247766302084992	-0.0004137329375039565	-0.0018569532469524818	-0.0010114574708861616	0.008082897825623405	0.004574999524517086	-0.001859184061361706	0.01135256488232166	0.006592339515377846	0.008626598150700179	0.007721947001217794	-0.001427000784167499	-0.00048543020659923204	0.028380998918401325	0.006376628305239452	0.013313497795951496	-0.004463999358252802	-0.015992887550387424	0.01340068004396823	-0.008969210167684696	-0.001691298456488816	0.002888551482147415	0.007777767810158831	-0.004258703540478684	-0.007034720988257061
0.004822826058838009	0.0022286013040037933	0.00975265473463464	0.0017139225347196502	-0.0003534118223058018	0.0029318701898793684	0.002117965379611766	-0.0008035274718872722	0.0041079364404685865	0.0008176194772704449	0.0004655150670010568	0.002027672163252997	0.001361902337642247	0.0063064688449617975	0.006965372957012462	0.0038848197976054277	0.0063760014410417344	0.008640229013860037	0.003054635589899344	-0.001487266492890595	0.004302896440790173	-0.003849309708117661	0.007165584959812836	0.0023302811954888326	0.0026504095953778593	0.01289600309169822	0.009220187113158501	0.01055452285751876	0.010034962621471499	-0.0030409982826583165	0.005017382295857949	0.006376628305239452	0.014005480673128866	0.009196995096247202	-0.0009816878848430634	-0.0020486118266018374	-0.0015425099203064806	-0.005179990590080409	-0.005731993029910672	0.0016761185872332844	0.014556713184125849	-0.008769881851434833	-0.003030359758593579
0.009921395648975756	-0.0007688439111850993	0.019354269909510405	0.004462482466712129	-0.001233543900332349	0.0030188216747962762	-0.002363757986542484	0.001948971581419313	0.00598980966696311	0.0044483537835461025	0.0003465546099430091	0.0005790976712473219	0.00226311630301339	0.012797288914944659	0.008735151523618602	-0.0023934900902329993	0.0034243207331805	0.008963948746972159	0.00426261398342522	-0.002198080276220237	0.00655996467491279	-0.009902099328522517	0.009633606788262158	0.0013598304595375168	-0.0017307883509497296	0.02247892483767194	0.013016367988364395	0.015347480179124988	0.012612299558199157	0.0035336843998449653	0.008723764071813205	0.013313497795951496	0.009196995096247202	0.01980585028931031	-0.005080466194271496	-0.007151825661376228	-0.004240702527303899	-0.002486300359940427	-0.011573109880038561	0.005014866084165407	0.015627640038691385	-0.00979905542544162	-0.009914911584384805
-0.0024010961803983127	-0.0018167625350443968	-0.005394183365514863	-0.001999407379323225	-0.0003196078565149558	0.0005545895325893775	0.0035571837173866165	-0.006322390745207718	0.0006507642503876664	-0.0007072996017482049	0.004191623329375172	0.0001158617016694231	-0.0030917297159270426	-0.002311754192233493	-0.0021336820851069094	-3.4932285849049465e-05	0.003617523681582421	-0.0026553903952708994	0.0023727662408005792	-0.00250146236105805	0.004273044320304181	0.00920963921926466	-0.004109413060537132	-0.002299766922089656	0.01236523138860698	-0.006630787583916608	-0.004115320654110223	0.00039099124467207214	0.0003850113665461582	0.007086980238606203	0.00218956940555826	-0.004463999358252802	-0.0009816878848430634	-0.005080466194271496	0.014499575886514082	0.010238228208763838	-0.0017584344733209318	0.007216517326709439	0.004157445793457608	0.0020009339813999065	0.0026373905450306234	0.005060252061129513	0.0017011563813221586
-0.007483965763838935	0.004667364711338718	-0.015336634373874565	-0.003999321996615013	0.0027935927072786906	0.0024056142672320546	0.004703741534584937	-0.00863275366889043	-0.0015735763580024124	-0.005722679953303871	0.0025090108256091083	0.0012278779404390752	0.00442613162323454	-0.0018985487704332143	-0.0026295851656101916	0.014827404175862069	0.006623730343163156	-0.009877323054795103	0.014565108867777543	0.006686910550046882	0.004983017128705136	0.023759786694616467	-0.005336043924810753	0.0004565914999611501	0.004481882405852889	-0.013296981324184366	-0.0005447360323249853	-0.0011846306109463823	-0.010418089600888867	-0.00020307847878564818	-0.000826079688236048	-0.015992887550387424	-0.0020486118266018374	-0.007151825661376228	0.010238228208763838	0.03795337412325661	0.004113099786209438	0.0069351045631760935	0.012893100644144326	-0.0036473268043974625	-0.0010716127168729683	0.0183991441531436	0.0028597255969219906
-0.010146519344361971	0.002984855633113196	-0.008830857166428493	-0.0005761924546289884	0.013306288296951496	-0.0012878579721096412	0.007449859325351024	0.015201110586674893	-0.01781773352524413	-0.005232261015881576	-0.0020188152878424332	-0.002968870218825092	0.01699169547793342	0.0038534773952030674	-0.009586692748705307	0.004138929932994691	0.0063914403761249385	-0.007315132608902613	0.018905214894003812	0.01348246939452481	-0.01740056549696014	0.03291592027003116	-0.0003231823704526838	0.01112684750942952	-0.006574707319130327	-0.026980703782861243	-0.010929651365967352	-0.012517865771667204	-0.01066069951990241	-0.020957203633806473	-0.018296305648305793	0.01340068004396823	-0.0015425099203064806	-0.004240702527303899	-0.0017584344733209318	0.004113099786209438	0.04914535737718502	-0.008722294589976243	0.03394927889003262	-0.014071281679414295	-0.01570364912610335	0.024863938810683696	0.0048676675299775774
-0.0008857302433914641	-0.0037959202997744166	-0.0034828324196840366	0.0023264498965807965	-0.003627268588786451	0.0019994314131302217	-0.0021973275261792675	-0.007871646237010234	0.005403132990961233	-0.0007894756495899715	0.004799800559000683	0.0009195455685390428	0.0010473929358257074	-0.0020959007274500003	-0.0021458323131852202	-0.007789376449276914	0.000801338762440108	-0.003631669891620213	0.00027477881493695536	-0.00433664945191122	0.008386297504306531	-0.0012022606555825524	0.0031019731684957842	-0.0059979092323062195	0.011489377205458375	-0.001438981345556685	-5.3561252899907414e-05	0.0013542592830142431	0.002735022753254567	0.012171017550576506	0.003344569068946818	-0.008969210167684696	-0.005179990590080409	-0.002486300359940427	0.007216517326709439	0.0069351045631760935	-0.008722294589976243	0.028393820270063295	-0.006262490030286328	-0.0028365399274696643	0.005281074689131438	0.007956754277452616	-0.00560203718530525
-0.014404058557518197	0.0022411529025285195	-0.018918907911812853	-0.006498012608072275	0.010345104952056493	0.0007662940352235195	0.007259169299801898	0.013256112802934856	-0.014851752405340174	-0.006222024041621054	0.0005930403000064814	-0.0014609352329251796	0.01049141323373421	-0.001437213259788146	-0.008805701412527562	0.009371507006286656	0.005574824633603103	-0.008976792165424765	0.012863532638485522	0.011886198764800437	-0.01489432228538289	0.02996706615221996	-0.006368629550005543	0.00856714495037719	-0.0014673964793785687	-0.034658595649216646	-0.016995892270336228	-0.014212929612598759	-0.015693992687047385	-0.015680728959223702	-0.013607500314786282	-0.001691298456488816	-0.005731993029910672	-0.011573109880038561	0.004157445793457608	0.012893100644144326	0.03394927889003262	-0.006262490030286328	0.043801640257493696	-0.010347582380656866	-0.01901505172942973	0.023415706445823373	0.008857172082996976
0.0029249062591731895	0.000286498137818249	0.010286330586141835	-0.0018604333815583401	-0.0032050372016284878	-0.0009505733304792602	-0.003525158917553639	0.0027165031017101276	0.0052362094709093344	0.004817602505732966	0.003702130585346206	0.0006597773655778638	-0.00806424980795666	0.003945045839288532	0.005038416732313332	-0.0011975384764652303	-0.0019417931440027863	0.004674848994120192	-0.001964309831503324	-0.002443519152161838	0.006069763625444455	-0.010437878381574277	-8.820328525775288e-05	-0.00013268929061648895	-0.00016514235150567966	0.008285229691508397	-0.0019685961116077274	0.005363777343213861	0.0056057715584775	0.006692683655926163	0.011063484317428839	0.002888551482147415	0.0016761185872332844	0.005014866084165407	0.0020009339813999065	-0.0036473268043974625	-0.014071281679414295	-0.0028365399274696643	-0.010347582380656866	0.02248889184997928	0.008868930690788784	-0.009605349285079544	-0.0003832267857815639
0.010600405246716871	0.0006378758170013078	0.01620281757045354	0.0033817166425752975	-0.004507497282350368	0.007300985756507123	0.004560919324031811	-0.0016146207024392905	0.012055753292922458	0.0028874775667333246	0.013246385231658919	0.0036088476584319753	-0.0024769710725469226	0.009126159053023114	0.011407399495377725	-0.004410229045033033	0.01563074378088631	0.010706498756161725	0.0030397062247638188	-0.008934668684819668	0.016936803006297393	-0.009816658662851146	0.015432572321251576	-0.0033275385869962503	0.009136646250242344	0.017756560040617	0.01759007757315793	0.021742178176696703	0.01894832575429214	0.006061270564209502	0.009634820797024364	0.007777767810158831	0.014556713184125849	0.015627640038691385	0.0026373905450306234	-0.0010716127168729683	-0.01570364912610335	0.005281074689131438	-0.01901505172942973	0.008868930690788784	0.0526670698958796	-0.01175164481478487	-0.015245504992693696
-0.01168394095434861	-0.0001403346715561707	-0.014943941420958765	-0.002988266469426455	0.0075772165386821435	-0.0013671799452139061	0.002631938113182025	0.0037566568878441425	-0.012655932158444967	-0.005663245550929457	0.004933955010975771	-0.0024912576699120744	0.008060623849470207	-0.003670551054657915	-0.012764367840852208	3.455280850927502e-05	0.003522266011468429	-0.012626403401375753	0.011669309401193885	0.010706517195995389	-0.006662857736651639	0.02893452967673604	-0.0058282353456091986	0.002429193156829024	0.0009382650994447583	-0.0294243905593559	-0.01301717486752537	-0.013622792340662765	-0.014124290293957113	-0.006042384638718927	-0.011599851401423045	-0.004258703540478684	-0.008769881851434833	-0.00979905542544162	0.005060252061129513	0.0183991441531436	0.024863938810683696	0.007956754277452616	0.023415706445823373	-0.009605349285079544	-0.01175164481478487	0.03310930509297592	0.002764818442957039
-0.0035991315994192328	0.0013891344364951018	-0.012797177382724524	-0.0021962157574613532	0.002123677975894793	-0.0014954079239330798	0.002904788964838696	0.0023738832847453556	-0.0023028994959387343	0.001235890130969394	-0.00535631412058048	0.0005702859738938981	0.001586547247315808	-0.004918326038432182	-0.0011613174577568739	0.0014597239227264202	-0.002656405100325078	-0.0059816491970629045	-0.003356802471879295	0.0032840916963629246	-0.005027330613096134	0.005158174409712388	-0.0011034576747335182	0.0015358618388320508	0.0017822435865909737	-0.009980358983323159	-0.005287224321433556	-0.0100117103823901	-0.011690574539398101	-0.0005120231168643304	-0.002119948193728756	-0.007034720988257061	-0.003030359758593579	-0.009914911584384805	0.0017011563813221586	0.0028597255969219906	0.0048676675299775774	-0.00560203718530525	0.008857172082996976	-0.0003832267857815639	-0.015245504992693696	0.002764818442957039	0.028400548013839694
